datetime,曜日,日付,日,給料日
2013/11/8,金,2013-11,08,1
2013/11/9,土,2013-11,09,0
2013/11/10,日,2013-11,10,0
2013/11/11,月,2013-11,11,0
2013/11/12,火,2013-11,12,0
2013/11/13,水,2013-11,13,0
2013/11/14,木,2013-11,14,0
2013/11/15,金,2013-11,15,0
2013/11/16,土,2013-11,16,0
2013/11/17,日,2013-11,17,0
2013/11/18,月,2013-11,18,0
2013/11/19,火,2013-11,19,0
2013/11/20,水,2013-11,20,0
2013/11/21,木,2013-11,21,0
2013/11/22,金,2013-11,22,0
2013/11/23,土,2013-11,23,0
2013/11/24,日,2013-11,24,0
2013/11/25,月,2013-11,25,0
2013/11/26,火,2013-11,26,0
2013/11/27,水,2013-11,27,0
2013/11/28,木,2013-11,28,0
2013/11/29,金,2013-11,29,0
2013/11/30,土,2013-11,30,0
2013/12/1,日,2013-12,01,0
2013/12/2,月,2013-12,02,0
2013/12/3,火,2013-12,03,0
2013/12/4,水,2013-12,04,0
2013/12/5,木,2013-12,05,0
2013/12/6,金,2013-12,06,0
2013/12/7,土,2013-12,07,0
2013/12/8,日,2013-12,08,0
2013/12/9,月,2013-12,09,0
2013/12/10,火,2013-12,10,1
2013/12/11,水,2013-12,11,0
2013/12/12,木,2013-12,12,0
2013/12/13,金,2013-12,13,0
2013/12/14,土,2013-12,14,0
2013/12/15,日,2013-12,15,0
2013/12/16,月,2013-12,16,0
2013/12/17,火,2013-12,17,0
2013/12/18,水,2013-12,18,0
2013/12/19,木,2013-12,19,0
2013/12/20,金,2013-12,20,0
2013/12/21,土,2013-12,21,0
2013/12/22,日,2013-12,22,0
2013/12/23,月,2013-12,23,0
2013/12/24,火,2013-12,24,0
2013/12/25,水,2013-12,25,0
2013/12/26,木,2013-12,26,0
2013/12/27,金,2013-12,27,0
2013/12/28,土,2013-12,28,0
2013/12/29,日,2013-12,29,0
2013/12/30,月,2013-12,30,0
2013/12/31,火,2013-12,31,0
2014/1/1,水,2014-01,01,0
2014/1/2,木,2014-01,02,0
2014/1/3,金,2014-01,03,0
2014/1/4,土,2014-01,04,0
2014/1/5,日,2014-01,05,0
2014/1/6,月,2014-01,06,0
2014/1/7,火,2014-01,07,0
2014/1/8,水,2014-01,08,0
2014/1/9,木,2014-01,09,0
2014/1/10,金,2014-01,10,1
2014/1/11,土,2014-01,11,0
2014/1/12,日,2014-01,12,0
2014/1/13,月,2014-01,13,0
2014/1/14,火,2014-01,14,0
2014/1/15,水,2014-01,15,0
2014/1/16,木,2014-01,16,0
2014/1/17,金,2014-01,17,0
2014/1/18,土,2014-01,18,0
2014/1/19,日,2014-01,19,0
2014/1/20,月,2014-01,20,0
2014/1/21,火,2014-01,21,0
2014/1/22,水,2014-01,22,0
2014/1/23,木,2014-01,23,0
2014/1/24,金,2014-01,24,0
2014/1/25,土,2014-01,25,0
2014/1/26,日,2014-01,26,0
2014/1/27,月,2014-01,27,0
2014/1/28,火,2014-01,28,0
2014/1/29,水,2014-01,29,0
2014/1/30,木,2014-01,30,0
2014/1/31,金,2014-01,31,0
2014/2/1,土,2014-02,01,0
2014/2/2,日,2014-02,02,0
2014/2/3,月,2014-02,03,0
2014/2/4,火,2014-02,04,0
2014/2/5,水,2014-02,05,0
2014/2/6,木,2014-02,06,0
2014/2/7,金,2014-02,07,0
2014/2/8,土,2014-02,08,0
2014/2/9,日,2014-02,09,0
2014/2/10,月,2014-02,10,1
2014/2/11,火,2014-02,11,0
2014/2/12,水,2014-02,12,0
2014/2/13,木,2014-02,13,0
2014/2/14,金,2014-02,14,0
2014/2/15,土,2014-02,15,0
2014/2/16,日,2014-02,16,0
2014/2/17,月,2014-02,17,0
2014/2/18,火,2014-02,18,0
2014/2/19,水,2014-02,19,0
2014/2/20,木,2014-02,20,0
2014/2/21,金,2014-02,21,0
2014/2/22,土,2014-02,22,0
2014/2/23,日,2014-02,23,0
2014/2/24,月,2014-02,24,0
2014/2/25,火,2014-02,25,0
2014/2/26,水,2014-02,26,0
2014/2/27,木,2014-02,27,0
2014/2/28,金,2014-02,28,0
2014/3/1,土,2014-03,01,0
2014/3/2,日,2014-03,02,0
2014/3/3,月,2014-03,03,0
2014/3/4,火,2014-03,04,0
2014/3/5,水,2014-03,05,0
2014/3/6,木,2014-03,06,0
2014/3/7,金,2014-03,07,0
2014/3/8,土,2014-03,08,0
2014/3/9,日,2014-03,09,0
2014/3/10,月,2014-03,10,1
2014/3/11,火,2014-03,11,0
2014/3/12,水,2014-03,12,0
2014/3/13,木,2014-03,13,0
2014/3/14,金,2014-03,14,0
2014/3/15,土,2014-03,15,0
2014/3/16,日,2014-03,16,0
2014/3/17,月,2014-03,17,0
2014/3/18,火,2014-03,18,0
2014/3/19,水,2014-03,19,0
2014/3/20,木,2014-03,20,0
2014/3/21,金,2014-03,21,0
2014/3/22,土,2014-03,22,0
2014/3/23,日,2014-03,23,0
2014/3/24,月,2014-03,24,0
2014/3/25,火,2014-03,25,0
2014/3/26,水,2014-03,26,0
2014/3/27,木,2014-03,27,0
2014/3/28,金,2014-03,28,0
2014/3/29,土,2014-03,29,0
2014/3/30,日,2014-03,30,0
2014/3/31,月,2014-03,31,0
2014/4/1,火,2014-04,01,0
2014/4/2,水,2014-04,02,0
2014/4/3,木,2014-04,03,0
2014/4/4,金,2014-04,04,0
2014/4/5,土,2014-04,05,0
2014/4/6,日,2014-04,06,0
2014/4/7,月,2014-04,07,0
2014/4/8,火,2014-04,08,0
2014/4/9,水,2014-04,09,0
2014/4/10,木,2014-04,10,1
2014/4/11,金,2014-04,11,0
2014/4/12,土,2014-04,12,0
2014/4/13,日,2014-04,13,0
2014/4/14,月,2014-04,14,0
2014/4/15,火,2014-04,15,0
2014/4/16,水,2014-04,16,0
2014/4/17,木,2014-04,17,0
2014/4/18,金,2014-04,18,0
2014/4/19,土,2014-04,19,0
2014/4/20,日,2014-04,20,0
2014/4/21,月,2014-04,21,0
2014/4/22,火,2014-04,22,0
2014/4/23,水,2014-04,23,0
2014/4/24,木,2014-04,24,0
2014/4/25,金,2014-04,25,0
2014/4/26,土,2014-04,26,0
2014/4/27,日,2014-04,27,0
2014/4/28,月,2014-04,28,0
2014/4/29,火,2014-04,29,0
2014/4/30,水,2014-04,30,0
2014/5/1,木,2014-05,01,0
2014/5/2,金,2014-05,02,0
2014/5/3,土,2014-05,03,0
2014/5/4,日,2014-05,04,0
2014/5/5,月,2014-05,05,0
2014/5/6,火,2014-05,06,0
2014/5/7,水,2014-05,07,0
2014/5/8,木,2014-05,08,0
2014/5/9,金,2014-05,09,1
2014/5/10,土,2014-05,10,0
2014/5/11,日,2014-05,11,0
2014/5/12,月,2014-05,12,0
2014/5/13,火,2014-05,13,0
2014/5/14,水,2014-05,14,0
2014/5/15,木,2014-05,15,0
2014/5/16,金,2014-05,16,0
2014/5/17,土,2014-05,17,0
2014/5/18,日,2014-05,18,0
2014/5/19,月,2014-05,19,0
2014/5/20,火,2014-05,20,0
2014/5/21,水,2014-05,21,0
2014/5/22,木,2014-05,22,0
2014/5/23,金,2014-05,23,0
2014/5/24,土,2014-05,24,0
2014/5/25,日,2014-05,25,0
2014/5/26,月,2014-05,26,0
2014/5/27,火,2014-05,27,0
2014/5/28,水,2014-05,28,0
2014/5/29,木,2014-05,29,0
2014/5/30,金,2014-05,30,0
2014/5/31,土,2014-05,31,0
2014/6/1,日,2014-06,01,0
2014/6/2,月,2014-06,02,0
2014/6/3,火,2014-06,03,0
2014/6/4,水,2014-06,04,0
2014/6/5,木,2014-06,05,0
2014/6/6,金,2014-06,06,0
2014/6/7,土,2014-06,07,0
2014/6/8,日,2014-06,08,0
2014/6/9,月,2014-06,09,0
2014/6/10,火,2014-06,10,1
2014/6/11,水,2014-06,11,0
2014/6/12,木,2014-06,12,0
2014/6/13,金,2014-06,13,0
2014/6/14,土,2014-06,14,0
2014/6/15,日,2014-06,15,0
2014/6/16,月,2014-06,16,0
2014/6/17,火,2014-06,17,0
2014/6/18,水,2014-06,18,0
2014/6/19,木,2014-06,19,0
2014/6/20,金,2014-06,20,0
2014/6/21,土,2014-06,21,0
2014/6/22,日,2014-06,22,0
2014/6/23,月,2014-06,23,0
2014/6/24,火,2014-06,24,0
2014/6/25,水,2014-06,25,0
2014/6/26,木,2014-06,26,0
2014/6/27,金,2014-06,27,0
2014/6/28,土,2014-06,28,0
2014/6/29,日,2014-06,29,0
2014/6/30,月,2014-06,30,0
2014/7/1,火,2014-07,01,0
2014/7/2,水,2014-07,02,0
2014/7/3,木,2014-07,03,0
2014/7/4,金,2014-07,04,0
2014/7/5,土,2014-07,05,0
2014/7/6,日,2014-07,06,0
2014/7/7,月,2014-07,07,0
2014/7/8,火,2014-07,08,0
2014/7/9,水,2014-07,09,0
2014/7/10,木,2014-07,10,1
2014/7/11,金,2014-07,11,0
2014/7/12,土,2014-07,12,0
2014/7/13,日,2014-07,13,0
2014/7/14,月,2014-07,14,0
2014/7/15,火,2014-07,15,0
2014/7/16,水,2014-07,16,0
2014/7/17,木,2014-07,17,0
2014/7/18,金,2014-07,18,0
2014/7/19,土,2014-07,19,0
2014/7/20,日,2014-07,20,0
2014/7/21,月,2014-07,21,0
2014/7/22,火,2014-07,22,0
2014/7/23,水,2014-07,23,0
2014/7/24,木,2014-07,24,0
2014/7/25,金,2014-07,25,0
2014/7/26,土,2014-07,26,0
2014/7/27,日,2014-07,27,0
2014/7/28,月,2014-07,28,0
2014/7/29,火,2014-07,29,0
2014/7/30,水,2014-07,30,0
2014/7/31,木,2014-07,31,0
2014/8/1,金,2014-08,01,0
2014/8/2,土,2014-08,02,0
2014/8/3,日,2014-08,03,0
2014/8/4,月,2014-08,04,0
2014/8/5,火,2014-08,05,0
2014/8/6,水,2014-08,06,0
2014/8/7,木,2014-08,07,0
2014/8/8,金,2014-08,08,1
2014/8/9,土,2014-08,09,0
2014/8/10,日,2014-08,10,0
2014/8/11,月,2014-08,11,0
2014/8/12,火,2014-08,12,0
2014/8/13,水,2014-08,13,0
2014/8/14,木,2014-08,14,0
2014/8/15,金,2014-08,15,0
2014/8/16,土,2014-08,16,0
2014/8/17,日,2014-08,17,0
2014/8/18,月,2014-08,18,0
2014/8/19,火,2014-08,19,0
2014/8/20,水,2014-08,20,0
2014/8/21,木,2014-08,21,0
2014/8/22,金,2014-08,22,0
2014/8/23,土,2014-08,23,0
2014/8/24,日,2014-08,24,0
2014/8/25,月,2014-08,25,0
2014/8/26,火,2014-08,26,0
2014/8/27,水,2014-08,27,0
2014/8/28,木,2014-08,28,0
2014/8/29,金,2014-08,29,0
2014/8/30,土,2014-08,30,0
2014/8/31,日,2014-08,31,0
2014/9/1,月,2014-09,01,0
2014/9/2,火,2014-09,02,0
2014/9/3,水,2014-09,03,0
2014/9/4,木,2014-09,04,0
2014/9/5,金,2014-09,05,0
2014/9/6,土,2014-09,06,0
2014/9/7,日,2014-09,07,0
2014/9/8,月,2014-09,08,0
2014/9/9,火,2014-09,09,0
2014/9/10,水,2014-09,10,0
2014/9/11,木,2014-09,11,0
2014/9/12,金,2014-09,12,0
2014/9/13,土,2014-09,13,0
2014/9/14,日,2014-09,14,0
2014/9/15,月,2014-09,15,0
2014/9/16,火,2014-09,16,0
2014/9/17,水,2014-09,17,0
2014/9/18,木,2014-09,18,0
2014/9/19,金,2014-09,19,0
2014/9/20,土,2014-09,20,0
2014/9/21,日,2014-09,21,0
2014/9/22,月,2014-09,22,0
2014/9/23,火,2014-09,23,0
2014/9/24,水,2014-09,24,0
2014/9/25,木,2014-09,25,0
2014/9/26,金,2014-09,26,0
2014/9/27,土,2014-09,27,0
2014/9/28,日,2014-09,28,0
2014/9/29,月,2014-09,29,0
2014/9/30,火,2014-09,30,0
2014/10/1,水,2014-10,01,0
2014/10/2,木,2014-10,02,0
2014/10/3,金,2014-10,03,0
2014/10/4,土,2014-10,04,0
2014/10/5,日,2014-10,05,0
2014/10/6,月,2014-10,06,0
2014/10/7,火,2014-10,07,0
2014/10/8,水,2014-10,08,0
2014/10/9,木,2014-10,09,0
2014/10/10,金,2014-10,10,1
2014/10/11,土,2014-10,11,0
2014/10/12,日,2014-10,12,0
2014/10/13,月,2014-10,13,0
2014/10/14,火,2014-10,14,0
2014/10/15,水,2014-10,15,0
2014/10/16,木,2014-10,16,0
2014/10/17,金,2014-10,17,0
2014/10/18,土,2014-10,18,0
2014/10/19,日,2014-10,19,0
2014/10/20,月,2014-10,20,0
2014/10/21,火,2014-10,21,0
2014/10/22,水,2014-10,22,0
2014/10/23,木,2014-10,23,0
2014/10/24,金,2014-10,24,0
2014/10/25,土,2014-10,25,0
2014/10/26,日,2014-10,26,0
2014/10/27,月,2014-10,27,0
2014/10/28,火,2014-10,28,0
2014/10/29,水,2014-10,29,0
2014/10/30,木,2014-10,30,0
2014/10/31,金,2014-10,31,0
2014/11/1,土,2014-11,01,0
2014/11/2,日,2014-11,02,0
2014/11/3,月,2014-11,03,0
2014/11/4,火,2014-11,04,0
2014/11/5,水,2014-11,05,0
2014/11/6,木,2014-11,06,0
2014/11/7,金,2014-11,07,0
2014/11/8,土,2014-11,08,0
2014/11/9,日,2014-11,09,0
2014/11/10,月,2014-11,10,1
2014/11/11,火,2014-11,11,0
2014/11/12,水,2014-11,12,0
2014/11/13,木,2014-11,13,0
2014/11/14,金,2014-11,14,0
2014/11/15,土,2014-11,15,0
2014/11/16,日,2014-11,16,0
2014/11/17,月,2014-11,17,0
2014/11/18,火,2014-11,18,0
2014/11/19,水,2014-11,19,0
2014/11/20,木,2014-11,20,0
2014/11/21,金,2014-11,21,0
2014/11/22,土,2014-11,22,0
2014/11/23,日,2014-11,23,0
2014/11/24,月,2014-11,24,0
2014/11/25,火,2014-11,25,0
2014/11/26,水,2014-11,26,0
2014/11/27,木,2014-11,27,0
2014/11/28,金,2014-11,28,0
2014/11/29,土,2014-11,29,0
2014/11/30,日,2014-11,30,0
2014/12/1,月,2014-12,01,0
2014/12/2,火,2014-12,02,0
2014/12/3,水,2014-12,03,0
2014/12/4,木,2014-12,04,0
2014/12/5,金,2014-12,05,0
2014/12/6,土,2014-12,06,0
2014/12/7,日,2014-12,07,0
2014/12/8,月,2014-12,08,0
2014/12/9,火,2014-12,09,0
2014/12/10,水,2014-12,10,1
2014/12/11,木,2014-12,11,0
2014/12/12,金,2014-12,12,0
2014/12/13,土,2014-12,13,0
2014/12/14,日,2014-12,14,0
2014/12/15,月,2014-12,15,0